Organization Name,Total Stability Rate (All Students),Total Student Mobility Rate (All students),Total Instances of Mobility (All students),Total Mobility Incidence Rate (All students),Students with Disabilities Pupil Count,Students with Disabilities Stable Student Count,Students with Disabilities Stability Rate,Students with Disabilities Mobile Student Count,Students with Disabilities Student Mobility Rate,Students with Disabilities Instances of Mobility,Students with Disabilities Mobility Incidence Rate,English Language Learners Pupil Count,English Language Learners Stable Student Count,English Language Learners Stability Rate,English Language Learners Mobile Student Count,English Language Learners Student Mobility Rate,English Language Learners Instances of Mobility,English Language Learners Mobility Incidence Rate,Economically Disadvantaged Pupil Count,Economically Disadvantaged Stable Student Count,Economically Disadvantaged Stability Rate,Economically Disadvantaged Mobile Student Count,Economically Disadvantaged Student Mobility Rate,Economically Disadvantaged Instances of Mobility,Economically Disadvantaged Mobility Incidence Rate,Migrant Pupil Count,Migrant Stable Student Count,Migrant Stability Rate,Migrant Mobile Student Count,Migrant Student Mobility Rate,Migrant Instances of Mobility,Migrant Mobility Incidence Rate,Title 1 Pupil Count,Title 1 Stable Student Count,Title 1 Pupil Stability Rate,Title 1 Mobile Student Count,Title 1 Student Mobility Rate,Title 1 Instances of Mobility,Title 1 Mobility Incidence Rate,Homeless Pupil Count,Homeless Stable Student Count,Homeless Stability Rate,Homeless Mobile Student Count,Homeless Student Mobility Rate,Homeless Instances of Mobility,Homeless Mobility Incidence Rate,Gifted & Talented Pupil Count,Gifted & Talented Stable Student Count,Gifted & Talented Stability Rate,Gifted & Talented Mobile Student Count,Gifted & Talented Student Mobility Rate,Gifted & Talented Instances of Mobility,Gifted & Talented Mobility Incidence Rate
MAPLETON 1,78.70%,21.30%,"2,518",23.70%,"1,125",952,84.60%,173,15.40%,188,16.70%,"2,727","2,380",87.30%,347,0.127,378,13.90%,"4,986","4,230",84.80%,756,0.15,861,17.30%,47,34,72.30%,13,27.70%,15,31.90%,"3,610","3,065",84.90%,545,15.10%,606,16.80%,186,148,79.60%,38,0.20,44,23.70%,282,268,95.00%,14,5.00%,15,5.30%
ADAMS 12 FIVE STAR SCHOOLS,86.00%,14.00%,"7,045",16.10%,"4,660","3,967",85.10%,693,14.90%,802,17.20%,"8,264","6,776",82.00%,"1,488",0.18,"1,711",20.70%,"15,763","13,017",82.60%,"2,746",0.17,"3,245",20.60%,133,71,53.40%,62,46.60%,73,54.90%,"7,270","5,775",79.40%,"1,495",20.60%,"1,733",23.80%,"1,868","1,368",73.20%,500,0.27,621,33.20%,"4,171","3,963",95.00%,208,5.00%,228,5.50%
ADAMS COUNTY 14,80.80%,19.20%,"1,941",23.40%,959,758,79.00%,201,21.00%,240,25.00%,"3,992","3,330",83.40%,662,0.166,799,20.00%,"6,850","5,570",81.30%,"1,280",0.19,"1,571",22.90%,50,35,70.00%,15,30.00%,16,32.00%,"5,880","4,868",82.80%,"1,012",17.20%,"1,188",20.20%,506,234,46.20%,272,0.54,362,71.50%,403,379,94.00%,24,6.00%,26,6.50%
SCHOOL DISTRICT 27J,86.10%,13.90%,"2,921",15.50%,"2,038","1,751",85.90%,287,14.10%,324,15.90%,"2,498","2,077",83.10%,421,0.169,485,19.40%,"7,252","6,192",85.40%,"1,060",0.15,"1,251",17.30%,102,66,64.70%,36,35.30%,39,38.20%,"1,462","1,242",85.00%,220,15.00%,253,17.30%,305,194,63.60%,111,0.36,149,48.90%,970,896,92.40%,74,7.60%,77,7.90%
BENNETT 29J,87.40%,12.60%,163,14.10%,153,133,86.90%,20,13.10%,22,14.40%,110,91,82.70%,19,0.173,22,20.00%,407,336,82.60%,71,0.17,80,19.70%,7,4,57.10%,3,42.90%,3,42.90%,497,425,85.50%,72,14.50%,81,16.30%,32,26,81.30%,6,0.19,7,21.90%,46,45,97.80%,1,2.20%,1,2.20%
STRASBURG 31J,86.70%,13.30%,155,15.30%,149,132,88.60%,17,11.40%,18,12.10%,58,44,75.90%,14,0.241,17,29.30%,279,235,84.20%,44,0.16,53,19.00%,9,1,11.10%,8,88.90%,11,122.20%,65,54,83.10%,11,16.90%,12,18.50%,22,14,63.60%,8,0.36,11,50.00%,34,33,97.10%,1,2.90%,1,2.90%
WESTMINSTER PUBLIC SCHOOLS,79.10%,20.90%,"2,761",24.70%,"1,396","1,152",82.50%,244,17.50%,284,20.30%,"4,505","3,612",80.20%,893,0.198,"1,070",23.80%,"7,915","6,365",80.40%,"1,550",0.20,"1,877",23.70%,156,120,76.90%,36,23.10%,39,25.00%,"6,283","5,069",80.70%,"1,214",19.30%,"1,412",22.50%,"1,049",598,57.00%,451,0.43,585,55.80%,402,390,97.00%,12,3.00%,15,3.70%
ALAMOSA RE-11J,85.70%,14.30%,457,17.30%,314,277,88.20%,37,11.80%,52,16.60%,357,306,85.70%,51,0.143,64,17.90%,"1,589","1,381",86.90%,208,0.13,259,16.30%,109,73,67.00%,36,33.00%,44,40.40%,"1,407","1,187",84.40%,220,15.60%,262,18.60%,83,53,63.90%,30,0.36,37,44.60%,50,44,88.00%,6,12.00%,6,12.00%
SANGRE DE CRISTO RE-22J,79.90%,20.10%,88,25.30%,24,20,83.30%,4,16.70%,4,16.70%,21,18,85.70%,3,0.143,3,14.30%,207,157,75.80%,50,0.24,66,31.90%,28,20,71.40%,8,28.60%,8,28.60%,348,278,79.90%,70,20.10%,88,25.30%,49,28,57.10%,21,0.43,35,71.40%,8,8,100.00%,0,0.00%,0,0.00%
ENGLEWOOD 1,78.30%,21.70%,830,25.60%,430,363,84.40%,67,15.60%,75,17.40%,408,342,83.80%,66,0.162,72,17.60%,"2,114","1,653",78.20%,461,0.22,550,26.00%,1,1,100.00%,0,0.00%,0,0.00%,"1,664","1,360",81.70%,304,18.30%,358,21.50%,311,173,55.60%,138,0.44,187,60.10%,214,194,90.70%,20,9.30%,21,9.80%
SHERIDAN 2,80.40%,19.60%,352,23.30%,206,173,84.00%,33,16.00%,36,17.50%,573,494,86.20%,79,0.138,91,15.90%,"1,293","1,077",83.30%,216,0.17,262,20.30%,21,16,76.20%,5,23.80%,5,23.80%,"1,373","1,145",83.40%,228,16.60%,269,19.60%,307,181,59.00%,126,0.41,160,52.10%,79,74,93.70%,5,6.30%,6,7.60%
CHERRY CREEK 5,86.50%,13.50%,"8,581",14.50%,"7,385","6,435",87.10%,950,12.90%,"1,016",13.80%,"6,622","5,394",81.50%,"1,228",0.185,"1,333",20.10%,"17,068","14,376",84.20%,"2,692",0.16,"3,002",17.60%,25,14,56.00%,11,44.00%,12,48.00%,"5,992","4,809",80.30%,"1,183",19.70%,"1,272",21.20%,64,37,57.80%,27,0.42,43,67.20%,"5,017","4,759",94.90%,258,5.10%,261,5.20%
LITTLETON 6,88.50%,11.50%,"2,020",12.50%,"1,669","1,434",85.90%,235,14.10%,263,15.80%,769,637,82.80%,132,0.172,145,18.90%,"2,956","2,659",90.00%,297,0.10,330,11.20%,1,1,100.00%,0,0.00%,0,0.00%,"1,368","1,134",82.90%,234,17.10%,253,18.50%,185,120,64.90%,65,0.35,72,38.90%,"2,066","1,983",96.00%,83,4.00%,91,4.40%
DEER TRAIL 26J,77.90%,22.10%,52,24.40%,37,27,73.00%,10,27.00%,11,29.70%,34,28,82.40%,6,0.176,6,17.60%,113,87,77.00%,26,0.23,29,25.70%,1,1,100.00%,0,0.00%,0,0.00%,31,28,90.30%,3,9.70%,3,9.70%,2,1,50.00%,1,0.50,1,50.00%,1,1,100.00%,0,0.00%,0,0.00%
ADAMS-ARAPAHOE 28J,79.90%,20.10%,"11,022",23.50%,"5,562","4,615",83.00%,947,17.00%,"1,084",19.50%,"19,156","15,472",80.80%,"3,684",0.192,"4,348",22.70%,"30,816","25,180",81.70%,"5,636",0.18,"6,794",22.00%,348,205,58.90%,143,41.10%,156,44.80%,"15,066","11,905",79.00%,"3,161",21.00%,"3,732",24.80%,"1,716",864,50.30%,852,0.50,"1,126",65.60%,"1,993","1,841",92.40%,152,7.60%,168,8.40%
BYERS 32J,77.10%,22.90%,874,24.10%,288,238,82.60%,50,17.40%,51,17.70%,795,680,85.50%,115,0.145,124,15.60%,"1,277","1,077",84.30%,200,0.16,216,16.90%,45,35,77.80%,10,22.20%,14,31.10%,562,488,86.80%,74,13.20%,75,13.30%,80,60,75.00%,20,0.25,22,27.50%,37,35,94.60%,2,5.40%,2,5.40%
ARCHULETA COUNTY 50 JT,73.80%,26.20%,561,32.20%,160,124,77.50%,36,22.50%,42,26.30%,143,111,77.60%,32,0.224,42,29.40%,873,645,73.90%,228,0.26,296,33.90%,1,1,100.00%,0,0.00%,0,0.00%,"1,267",919,72.50%,348,27.50%,428,33.80%,7,2,28.60%,5,0.71,5,71.40%,66,64,97.00%,2,3.00%,2,3.00%
WALSH RE-1,90.00%,10.00%,16,10.70%,14,10,71.40%,4,28.60%,5,35.70%,4,4,100.00%,0,0,0,0.00%,85,73,85.90%,12,0.14,13,15.30%,3,3,100.00%,0,0.00%,0,0.00%,32,29,90.60%,3,9.40%,3,9.40%,0,0,0.00%,0,0.00,0,0.00%,4,4,100.00%,0,0.00%,0,0.00%
PRITCHETT RE-3,0.00%,100.00%,39,100.00%,7,0,0.00%,7,100.00%,7,100.00%,0,0,0.00%,0,0,0,0.00%,25,0,0.00%,25,1.00,25,100.00%,0,0,0.00%,0,0.00%,0,0.00%,39,0,0.00%,39,100.00%,39,100.00%,0,0,0.00%,0,0.00,0,0.00%,0,0,0.00%,0,0.00%,0,0.00%
SPRINGFIELD RE-4,82.40%,17.60%,66,21.10%,44,37,84.10%,7,15.90%,7,15.90%,4,4,100.00%,0,0,0,0.00%,214,175,81.80%,39,0.18,48,22.40%,0,0,0.00%,0,0.00%,0,0.00%,313,258,82.40%,55,17.60%,66,21.10%,0,0,0.00%,0,0.00,0,0.00%,1,1,100.00%,0,0.00%,0,0.00%
VILAS RE-5,64.70%,35.30%,19,37.30%,10,8,80.00%,2,20.00%,2,20.00%,1,0,0.00%,1,1,1,100.00%,37,25,67.60%,12,0.32,12,32.40%,3,0,0.00%,3,100.00%,3,100.00%,10,10,100.00%,0,0.00%,0,0.00%,0,0,0.00%,0,0.00,0,0.00%,4,4,100.00%,0,0.00%,0,0.00%
CAMPO RE-6,80.60%,19.40%,8,22.20%,5,5,100.00%,0,0.00%,0,0.00%,0,0,0.00%,0,0,0,0.00%,26,21,80.80%,5,0.19,6,23.10%,0,0,0.00%,0,0.00%,0,0.00%,36,29,80.60%,7,19.40%,8,22.20%,0,0,0.00%,0,0.00,0,0.00%,0,0,0.00%,0,0.00%,0,0.00%
LAS ANIMAS RE-1,67.60%,32.40%,500,38.10%,127,90,70.90%,37,29.10%,46,36.20%,5,4,80.00%,1,0.2,1,20.00%,"1,096",723,66.00%,373,0.34,443,40.40%,10,8,80.00%,2,20.00%,2,20.00%,580,470,81.00%,110,19.00%,141,24.30%,14,11,78.60%,3,0.21,5,35.70%,26,26,100.00%,0,0.00%,0,0.00%
MC CLAVE RE-2,92.70%,7.30%,18,7.30%,19,19,100.00%,0,0.00%,0,0.00%,29,26,89.70%,3,0.103,3,10.30%,105,90,85.70%,15,0.14,15,14.30%,13,13,100.00%,0,0.00%,0,0.00%,138,128,92.80%,10,7.20%,10,7.20%,0,0,0.00%,0,0.00,0,0.00%,26,26,100.00%,0,0.00%,0,0.00%
ST VRAIN VALLEY RE 1J,87.60%,12.40%,"4,717",14.20%,"3,805","3,299",86.70%,506,13.30%,569,15.00%,"5,029","4,348",86.50%,681,0.135,832,16.50%,"9,915","9,039",91.20%,876,0.09,"1,055",10.60%,59,36,61.00%,23,39.00%,26,44.10%,"2,928","2,517",86.00%,411,14.00%,511,17.50%,603,349,57.90%,254,0.42,347,57.50%,"2,299","2,173",94.50%,126,5.50%,134,5.80%
BOULDER VALLEY RE 2,87.70%,12.30%,"4,241",13.50%,"3,667","3,264",89.00%,403,11.00%,442,12.10%,"3,256","2,800",86.00%,456,0.14,504,15.50%,"6,484","5,532",85.30%,952,0.15,"1,090",16.80%,19,18,94.70%,1,5.30%,2,10.50%,"2,686","2,263",84.30%,423,15.70%,456,17.00%,308,208,67.50%,100,0.33,113,36.70%,"2,349","2,313",98.50%,36,1.50%,36,1.50%
BUENA VISTA R-31,80.80%,19.20%,224,21.40%,129,105,81.40%,24,18.60%,27,20.90%,14,11,78.60%,3,0.214,6,42.90%,374,305,81.60%,69,0.18,79,21.10%,0,0,0.00%,0,0.00%,0,0.00%,98,80,81.60%,18,18.40%,18,18.40%,8,4,50.00%,4,0.50,4,50.00%,24,24,100.00%,0,0.00%,0,0.00%
SALIDA R-32,84.10%,15.90%,242,18.60%,117,95,81.20%,22,18.80%,26,22.20%,27,19,70.40%,8,0.296,11,40.70%,511,406,79.50%,105,0.21,128,25.00%,0,0,0.00%,0,0.00%,0,0.00%,482,408,84.60%,74,15.40%,83,17.20%,43,18,41.90%,25,0.58,36,83.70%,45,43,95.60%,2,4.40%,2,4.40%
KIT CARSON R-1,91.70%,8.30%,11,9.20%,10,8,80.00%,2,20.00%,2,20.00%,2,2,100.00%,0,0,0,0.00%,65,58,89.20%,7,0.11,8,12.30%,6,6,100.00%,0,0.00%,0,0.00%,4,4,100.00%,0,0.00%,0,0.00%,0,0,0.00%,0,0.00,0,0.00%,13,13,100.00%,0,0.00%,0,0.00%
CHEYENNE COUNTY RE-5,82.50%,17.50%,35,18.00%,27,23,85.20%,4,14.80%,4,14.80%,10,7,70.00%,3,0.3,3,30.00%,103,85,82.50%,18,0.18,18,17.50%,15,15,100.00%,0,0.00%,0,0.00%,18,18,100.00%,0,0.00%,0,0.00%,2,0,0.00%,2,1.00,2,100.00%,0,0,0.00%,0,0.00%,0,0.00%
CLEAR CREEK RE-1,79.80%,20.20%,209,22.80%,101,78,77.20%,23,22.80%,27,26.70%,3,3,100.00%,0,0,0,0.00%,274,197,71.90%,77,0.28,87,31.80%,0,0,0.00%,0,0.00%,0,0.00%,230,177,77.00%,53,23.00%,60,26.10%,23,8,34.80%,15,0.65,20,87.00%,65,63,96.90%,2,3.10%,2,3.10%
NORTH CONEJOS RE-1J,86.80%,13.20%,158,14.80%,75,64,85.30%,11,14.70%,14,18.70%,0,0,0.00%,0,0,0,0.00%,704,602,85.50%,102,0.15,116,16.50%,5,2,40.00%,3,60.00%,5,100.00%,"1,067",926,86.80%,141,13.20%,158,14.80%,4,1,25.00%,3,0.75,3,75.00%,38,38,100.00%,0,0.00%,0,0.00%
SANFORD 6J,88.70%,11.30%,47,11.60%,21,18,85.70%,3,14.30%,3,14.30%,5,4,80.00%,1,0.2,1,20.00%,246,209,85.00%,37,0.15,38,15.40%,14,14,100.00%,0,0.00%,0,0.00%,234,206,88.00%,28,12.00%,29,12.40%,7,4,57.10%,3,0.43,3,42.90%,0,0,0.00%,0,0.00%,0,0.00%
SOUTH CONEJOS RE-10,82.60%,17.40%,47,19.00%,24,15,62.50%,9,37.50%,11,45.80%,28,24,85.70%,4,0.143,4,14.30%,184,157,85.30%,27,0.15,28,15.20%,5,2,40.00%,3,60.00%,3,60.00%,247,204,82.60%,43,17.40%,47,19.00%,1,1,100.00%,0,0.00,0,0.00%,0,0,0.00%,0,0.00%,0,0.00%
CENTENNIAL R-1,89.40%,10.60%,24,11.60%,28,23,82.10%,5,17.90%,5,17.90%,7,7,100.00%,0,0,0,0.00%,174,157,90.20%,17,0.10,18,10.30%,2,0,0.00%,2,100.00%,2,100.00%,207,185,89.40%,22,10.60%,24,11.60%,13,13,100.00%,0,0.00,0,0.00%,2,2,100.00%,0,0.00%,0,0.00%
SIERRA GRANDE R-30,79.10%,20.90%,76,27.00%,20,18,90.00%,2,10.00%,3,15.00%,31,28,90.30%,3,0.097,5,16.10%,237,185,78.10%,52,0.22,67,28.30%,13,4,30.80%,9,69.20%,10,76.90%,131,104,79.40%,27,20.60%,34,26.00%,2,0,0.00%,2,1.00,3,150.00%,0,0,0.00%,0,0.00%,0,0.00%
CROWLEY COUNTY RE-1-J,84.00%,16.00%,98,19.10%,72,58,80.60%,14,19.40%,16,22.20%,2,2,100.00%,0,0,0,0.00%,389,317,81.50%,72,0.19,86,22.10%,0,0,0.00%,0,0.00%,0,0.00%,514,432,84.00%,82,16.00%,98,19.10%,0,0,0.00%,0,0.00,0,0.00%,26,26,100.00%,0,0.00%,0,0.00%
CUSTER COUNTY SCHOOL DISTRICT C-1,74.80%,25.20%,128,30.10%,58,46,79.30%,12,20.70%,14,24.10%,0,0,0.00%,0,0,0,0.00%,213,151,70.90%,62,0.29,74,34.70%,2,2,100.00%,0,0.00%,0,0.00%,183,135,73.80%,48,26.20%,55,30.10%,0,0,0.00%,0,0.00,0,0.00%,23,20,87.00%,3,13.00%,3,13.00%
DELTA COUNTY 50(J),82.70%,17.30%,"1,050",20.00%,756,609,80.60%,147,19.40%,170,22.50%,332,275,82.80%,57,0.172,65,19.60%,"3,112","2,515",80.80%,597,0.19,704,22.60%,56,44,78.60%,12,21.40%,13,23.20%,"2,204","1,833",83.20%,371,16.80%,425,19.30%,111,54,48.60%,57,0.51,87,78.40%,341,327,95.90%,14,4.10%,15,4.40%
DENVER COUNTY 1,82.00%,18.00%,"21,366",21.70%,"11,477","9,501",82.80%,"1,976",17.20%,"2,379",20.70%,"34,511","29,092",84.30%,"5,419",0.157,"6,473",18.80%,"62,637","51,727",82.60%,"10,910",0.17,"13,464",21.50%,263,199,75.70%,64,24.30%,69,26.20%,"65,510","52,676",80.40%,"12,834",19.60%,"15,534",23.70%,"1,934","1,140",58.90%,794,0.41,"1,093",56.50%,"10,849","9,996",92.10%,853,7.90%,975,9.00%
DOLORES COUNTY RE NO.2,77.90%,22.10%,78,25.40%,39,33,84.60%,6,15.40%,6,15.40%,0,0,0.00%,0,0,0,0.00%,151,116,76.80%,35,0.23,40,26.50%,0,0,0.00%,0,0.00%,0,0.00%,293,230,78.50%,63,21.50%,70,23.90%,7,4,57.10%,3,0.43,3,42.90%,12,11,91.70%,1,8.30%,1,8.30%
DOUGLAS COUNTY RE 1,86.80%,13.20%,"10,342",14.50%,"7,526","6,541",86.90%,985,13.10%,"1,075",14.30%,"4,256","3,324",78.10%,932,0.219,"1,076",25.30%,"4,811","3,509",72.90%,"1,302",0.27,"1,506",31.30%,23,12,52.20%,11,47.80%,11,47.80%,"2,443","1,910",78.20%,533,21.80%,582,23.80%,610,332,54.40%,278,0.46,326,53.40%,"4,803","4,647",96.80%,156,3.20%,160,3.30%
EAGLE COUNTY RE 50,87.20%,12.80%,"1,087",15.10%,774,695,89.80%,79,10.20%,94,12.10%,"2,396","2,034",84.90%,362,0.151,462,19.30%,"2,763","2,371",85.80%,392,0.14,468,16.90%,9,2,22.20%,7,77.80%,8,88.90%,962,847,88.00%,115,12.00%,141,14.70%,25,11,44.00%,14,0.56,17,68.00%,683,627,91.80%,56,8.20%,61,8.90%
ELIZABETH C-1,85.00%,15.00%,443,16.30%,315,264,83.80%,51,16.20%,55,17.50%,37,30,81.10%,7,0.189,8,21.60%,483,401,83.00%,82,0.17,95,19.70%,0,0,0.00%,0,0.00%,0,0.00%,89,80,89.90%,9,10.10%,9,10.10%,4,3,75.00%,1,0.25,1,25.00%,92,92,100.00%,0,0.00%,0,0.00%
KIOWA C-2,86.30%,13.70%,55,17.50%,37,32,86.50%,5,13.50%,7,18.90%,7,7,100.00%,0,0,0,0.00%,130,109,83.80%,21,0.16,29,22.30%,0,0,0.00%,0,0.00%,0,0.00%,35,31,88.60%,4,11.40%,4,11.40%,7,6,85.70%,1,0.14,2,28.60%,6,6,100.00%,0,0.00%,0,0.00%
BIG SANDY 100J,84.70%,15.30%,62,19.30%,35,30,85.70%,5,14.30%,6,17.10%,1,1,100.00%,0,0,0,0.00%,129,95,73.60%,34,0.26,47,36.40%,0,0,0.00%,0,0.00%,0,0.00%,146,119,81.50%,27,18.50%,36,24.70%,11,10,90.90%,1,0.09,2,18.20%,25,24,96.00%,1,4.00%,1,4.00%
ELBERT 200,82.40%,17.60%,44,18.40%,29,23,79.30%,6,20.70%,6,20.70%,0,0,0.00%,0,0,0,0.00%,65,51,78.50%,14,0.22,16,24.60%,0,0,0.00%,0,0.00%,0,0.00%,19,15,78.90%,4,21.10%,4,21.10%,1,1,100.00%,0,0.00,0,0.00%,11,11,100.00%,0,0.00%,0,0.00%
AGATE 300,100.00%,0.00%,0,0.00%,1,1,100.00%,0,0.00%,0,0.00%,2,2,100.00%,0,0,0,0.00%,2,2,100.00%,0,0.00,0,0.00%,2,2,100.00%,0,0.00%,0,0.00%,5,5,100.00%,0,0.00%,0,0.00%,0,0,0.00%,0,0.00,0,0.00%,0,0,0.00%,0,0.00%,0,0.00%
CALHAN RJ-1,78.00%,22.00%,124,23.90%,69,56,81.20%,13,18.80%,14,20.30%,4,2,50.00%,2,0.5,2,50.00%,241,182,75.50%,59,0.25,61,25.30%,0,0,0.00%,0,0.00%,0,0.00%,49,42,85.70%,7,14.30%,7,14.30%,0,0,0.00%,0,0.00,0,0.00%,19,19,100.00%,0,0.00%,0,0.00%
HARRISON 2,78.50%,21.50%,"3,568",24.40%,"1,619","1,268",78.30%,351,21.70%,385,23.80%,"2,724","2,311",84.80%,413,0.152,477,17.50%,"9,743","8,027",82.40%,"1,716",0.18,"1,911",19.60%,25,13,52.00%,12,48.00%,12,48.00%,"7,932","6,199",78.20%,"1,733",21.80%,"1,969",24.80%,194,119,61.30%,75,0.39,89,45.90%,519,470,90.60%,49,9.40%,53,10.20%
WIDEFIELD 3,74.80%,25.20%,"3,172",28.40%,"1,335","1,011",75.70%,324,24.30%,363,27.20%,260,179,68.80%,81,0.312,90,34.60%,"5,080","3,799",74.80%,"1,281",0.25,"1,510",29.70%,2,0,0.00%,2,100.00%,2,100.00%,"1,853","1,411",76.10%,442,23.90%,507,27.40%,44,17,38.60%,27,0.61,40,90.90%,112,108,96.40%,4,3.60%,4,3.60%
FOUNTAIN 8,62.50%,37.50%,"4,326",41.50%,"1,741","1,129",64.80%,612,35.20%,689,39.60%,557,349,62.70%,208,0.373,232,41.70%,"3,819","2,257",59.10%,"1,562",0.41,"1,794",47.00%,1,0,0.00%,1,100.00%,2,200.00%,"4,914","2,805",57.10%,"2,109",42.90%,"2,312",47.00%,320,191,59.70%,129,0.40,169,52.80%,502,408,81.30%,94,18.70%,99,19.70%
COLORADO SPRINGS 11,75.30%,24.70%,"10,133",31.00%,"3,201","2,384",74.50%,817,25.50%,"1,036",32.40%,"2,650","1,999",75.40%,651,0.246,792,29.90%,"19,068","14,025",73.60%,"5,043",0.26,"6,408",33.60%,26,13,50.00%,13,50.00%,17,65.40%,"8,778","6,357",72.40%,"2,421",27.60%,"3,033",34.60%,"1,149",495,43.10%,654,0.57,921,80.20%,"2,502","2,262",90.40%,240,9.60%,301,12.00%
CHEYENNE MOUNTAIN 12,83.40%,16.60%,"1,032",18.10%,543,454,83.60%,89,16.40%,95,17.50%,201,147,73.10%,54,0.269,61,30.30%,894,734,82.10%,160,0.18,185,20.70%,0,0,0.00%,0,0.00%,0,0.00%,"1,267","1,107",87.40%,160,12.60%,175,13.80%,12,7,58.30%,5,0.42,6,50.00%,608,592,97.40%,16,2.60%,19,3.10%
MANITOU SPRINGS 14,82.90%,17.10%,335,20.00%,124,104,83.90%,20,16.10%,22,17.70%,13,12,92.30%,1,0.077,1,7.70%,475,365,76.80%,110,0.23,134,28.20%,0,0,0.00%,0,0.00%,0,0.00%,147,119,81.00%,28,19.00%,31,21.10%,55,22,40.00%,33,0.60,42,76.40%,89,86,96.60%,3,3.40%,3,3.40%
ACADEMY 20,84.40%,15.60%,"4,758",17.00%,"2,489","2,081",83.60%,408,16.40%,455,18.30%,667,520,78.00%,147,0.22,157,23.50%,"4,316","3,499",81.10%,817,0.19,944,21.90%,0,0,0.00%,0,0.00%,0,0.00%,875,672,76.80%,203,23.20%,224,25.60%,16,13,81.30%,3,0.19,3,18.80%,"2,388","2,280",95.50%,108,4.50%,111,4.60%
ELLICOTT 22,75.40%,24.60%,336,28.30%,162,125,77.20%,37,22.80%,46,28.40%,148,141,95.30%,7,0.047,11,7.40%,699,573,82.00%,126,0.18,148,21.20%,3,3,100.00%,0,0.00%,0,0.00%,603,444,73.60%,159,26.40%,182,30.20%,2,0,0.00%,2,1.00,3,150.00%,0,0,0.00%,0,0.00%,0,0.00%
PEYTON 23 JT,79.50%,20.50%,171,22.80%,75,63,84.00%,12,16.00%,14,18.70%,15,14,93.30%,1,0.067,2,13.30%,167,142,85.00%,25,0.15,30,18.00%,1,1,100.00%,0,0.00%,0,0.00%,270,215,79.60%,55,20.40%,60,22.20%,0,0,0.00%,0,0.00,0,0.00%,8,8,100.00%,0,0.00%,0,0.00%
HANOVER 28,70.50%,29.50%,115,34.60%,51,36,70.60%,15,29.40%,17,33.30%,43,27,62.80%,16,0.372,20,46.50%,234,164,70.10%,70,0.30,84,35.90%,0,0,0.00%,0,0.00%,0,0.00%,332,234,70.50%,98,29.50%,115,34.60%,46,30,65.20%,16,0.35,21,45.70%,2,2,100.00%,0,0.00%,0,0.00%
LEWIS-PALMER 38,84.30%,15.70%,"1,155",16.70%,641,539,84.10%,102,15.90%,110,17.20%,258,199,77.10%,59,0.229,63,24.40%,716,570,79.60%,146,0.20,167,23.30%,0,0,0.00%,0,0.00%,0,0.00%,241,215,89.20%,26,10.80%,27,11.20%,12,7,58.30%,5,0.42,6,50.00%,801,762,95.10%,39,4.90%,39,4.90%
FALCON 49,78.40%,21.60%,"5,264",23.60%,"2,380","1,901",79.90%,479,20.10%,521,21.90%,"1,195",830,69.50%,365,0.305,399,33.40%,"6,925","5,306",76.60%,"1,619",0.23,"1,752",25.30%,24,10,41.70%,14,58.30%,15,62.50%,"6,726","4,685",69.70%,"2,041",30.30%,"2,195",32.60%,144,87,60.40%,57,0.40,62,43.10%,852,777,91.20%,75,8.80%,79,9.30%
EDISON 54 JT,64.90%,35.10%,98,40.50%,21,19,90.50%,2,9.50%,2,9.50%,6,3,50.00%,3,0.5,3,50.00%,99,78,78.80%,21,0.21,22,22.20%,0,0,0.00%,0,0.00%,0,0.00%,18,17,94.40%,1,5.60%,1,5.60%,0,0,0.00%,0,0.00,0,0.00%,3,3,100.00%,0,0.00%,0,0.00%
MIAMI/YODER 60 JT,79.10%,20.90%,75,22.10%,51,43,84.30%,8,15.70%,8,15.70%,7,7,100.00%,0,0,0,0.00%,144,118,81.90%,26,0.18,26,18.10%,2,2,100.00%,0,0.00%,0,0.00%,230,178,77.40%,52,22.60%,54,23.50%,0,0,0.00%,0,0.00,0,0.00%,4,4,100.00%,0,0.00%,0,0.00%
CANON CITY RE-1,81.70%,18.30%,889,21.30%,582,476,81.80%,106,18.20%,126,21.60%,44,39,88.60%,5,0.114,5,11.40%,"2,006","1,732",86.30%,274,0.14,309,15.40%,0,0,0.00%,0,0.00%,0,0.00%,"2,585","2,092",80.90%,493,19.10%,577,22.30%,22,8,36.40%,14,0.64,19,86.40%,348,332,95.40%,16,4.60%,16,4.60%
FREMONT RE-2,79.80%,20.20%,386,23.60%,255,192,75.30%,63,24.70%,79,31.00%,21,19,90.50%,2,0.095,2,9.50%,954,733,76.80%,221,0.23,263,27.60%,2,2,100.00%,0,0.00%,0,0.00%,"1,177",930,79.00%,247,21.00%,289,24.60%,48,29,60.40%,19,0.40,25,52.10%,19,19,100.00%,0,0.00%,0,0.00%
COTOPAXI RE-3,76.10%,23.90%,56,25.20%,28,23,82.10%,5,17.90%,5,17.90%,0,0,0.00%,0,0,0,0.00%,121,90,74.40%,31,0.26,33,27.30%,0,0,0.00%,0,0.00%,0,0.00%,222,169,76.10%,53,23.90%,56,25.20%,0,0,0.00%,0,0.00,0,0.00%,3,2,66.70%,1,33.30%,1,33.30%
ROARING FORK RE-1,85.50%,14.50%,"1,012",16.90%,575,500,87.00%,75,13.00%,87,15.10%,"2,095","1,793",85.60%,302,0.144,354,16.90%,"2,680","2,272",84.80%,408,0.15,487,18.20%,10,6,60.00%,4,40.00%,4,40.00%,"2,363","2,038",86.20%,325,13.80%,374,15.80%,112,59,52.70%,53,0.47,69,61.60%,366,345,94.30%,21,5.70%,22,6.00%
GARFIELD RE-2,83.20%,16.80%,"1,066",20.00%,489,427,87.30%,62,12.70%,70,14.30%,"1,285","1,004",78.10%,281,0.219,351,27.30%,"2,146","1,711",79.70%,435,0.20,546,25.40%,26,6,23.10%,20,76.90%,22,84.60%,"1,893","1,498",79.10%,395,20.90%,470,24.80%,101,64,63.40%,37,0.37,48,47.50%,346,328,94.80%,18,5.20%,18,5.20%
GARFIELD 16,75.70%,24.30%,388,29.30%,119,91,76.50%,28,23.50%,29,24.40%,231,193,83.50%,38,0.165,47,20.30%,760,528,69.50%,232,0.31,287,37.80%,0,0,0.00%,0,0.00%,0,0.00%,631,447,70.80%,184,29.20%,222,35.20%,77,33,42.90%,44,0.57,61,79.20%,37,35,94.60%,2,5.40%,2,5.40%
GILPIN COUNTY RE-1,82.50%,17.50%,100,20.90%,57,49,86.00%,8,14.00%,9,15.80%,2,2,100.00%,0,0,0,0.00%,151,114,75.50%,37,0.25,47,31.10%,0,0,0.00%,0,0.00%,0,0.00%,48,46,95.80%,2,4.20%,3,6.30%,10,0,0.00%,10,1.00,14,140.00%,28,25,89.30%,3,10.70%,3,10.70%
WEST GRAND 1-JT,77.10%,22.90%,134,26.20%,64,54,84.40%,10,15.60%,10,15.60%,88,65,73.90%,23,0.261,27,30.70%,231,160,69.30%,71,0.31,83,35.90%,0,0,0.00%,0,0.00%,0,0.00%,346,268,77.50%,78,22.50%,90,26.00%,24,18,75.00%,6,0.25,10,41.70%,12,10,83.30%,2,16.70%,2,16.70%
EAST GRAND 2,82.10%,17.90%,288,21.10%,157,121,77.10%,36,22.90%,38,24.20%,105,87,82.90%,18,0.171,23,21.90%,454,320,70.50%,134,0.30,162,35.70%,2,0,0.00%,2,100.00%,2,100.00%,445,372,83.60%,73,16.40%,86,19.30%,28,10,35.70%,18,0.64,24,85.70%,103,97,94.20%,6,5.80%,9,8.70%
GUNNISON WATERSHED RE1J,86.60%,13.40%,338,15.90%,185,157,84.90%,28,15.10%,33,17.80%,167,150,89.80%,17,0.102,22,13.20%,564,481,85.30%,83,0.15,102,18.10%,9,6,66.70%,3,33.30%,4,44.40%,146,129,88.40%,17,11.60%,17,11.60%,0,0,0.00%,0,0.00,0,0.00%,209,199,95.20%,10,4.80%,11,5.30%
HINSDALE COUNTY RE 1,79.20%,20.80%,30,28.30%,10,7,70.00%,3,30.00%,5,50.00%,1,0,0.00%,1,1,2,200.00%,40,30,75.00%,10,0.25,15,37.50%,0,0,0.00%,0,0.00%,0,0.00%,38,29,76.30%,9,23.70%,12,31.60%,0,0,0.00%,0,0.00,0,0.00%,4,4,100.00%,0,0.00%,0,0.00%
HUERFANO RE-1,72.10%,27.90%,244,37.00%,99,71,71.70%,28,28.30%,34,34.30%,8,6,75.00%,2,0.25,3,37.50%,526,379,72.10%,147,0.28,193,36.70%,2,2,100.00%,0,0.00%,0,0.00%,477,347,72.70%,130,27.30%,179,37.50%,0,0,0.00%,0,0.00,0,0.00%,15,13,86.70%,2,13.30%,3,20.00%
LA VETA RE-2,80.70%,19.30%,54,22.70%,30,24,80.00%,6,20.00%,6,20.00%,0,0,0.00%,0,0,0,0.00%,127,95,74.80%,32,0.25,37,29.10%,0,0,0.00%,0,0.00%,0,0.00%,32,27,84.40%,5,15.60%,5,15.60%,18,14,77.80%,4,0.22,5,27.80%,3,3,100.00%,0,0.00%,0,0.00%
NORTH PARK R-1,78.40%,21.60%,43,22.20%,37,33,89.20%,4,10.80%,4,10.80%,18,15,83.30%,3,0.167,3,16.70%,96,72,75.00%,24,0.25,24,25.00%,7,1,14.30%,6,85.70%,6,85.70%,92,69,75.00%,23,25.00%,24,26.10%,0,0,0.00%,0,0.00,0,0.00%,12,12,100.00%,0,0.00%,0,0.00%
JEFFERSON COUNTY R-1,87.80%,12.20%,"12,596",13.80%,"9,586","8,431",88.00%,"1,155",12.00%,"1,311",13.70%,"7,845","6,412",81.70%,"1,433",0.183,"1,631",20.80%,"29,808","25,473",85.50%,"4,335",0.15,"5,132",17.20%,33,23,69.70%,10,30.30%,12,36.40%,"12,472","10,168",81.50%,"2,304",18.50%,"2,711",21.70%,"2,711","1,866",68.80%,845,0.31,"1,103",40.70%,"12,366","11,851",95.80%,515,4.20%,545,4.40%
EADS RE-1,89.00%,11.00%,23,12.70%,19,16,84.20%,3,15.80%,3,15.80%,0,0,0.00%,0,0,0,0.00%,72,60,83.30%,12,0.17,15,20.80%,2,2,100.00%,0,0.00%,0,0.00%,23,19,82.60%,4,17.40%,4,17.40%,1,0,0.00%,1,1.00,1,100.00%,12,12,100.00%,0,0.00%,0,0.00%
PLAINVIEW RE-2,70.40%,29.60%,27,38.00%,12,8,66.70%,4,33.30%,5,41.70%,0,0,0.00%,0,0,0,0.00%,48,30,62.50%,18,0.38,24,50.00%,0,0,0.00%,0,0.00%,0,0.00%,10,8,80.00%,2,20.00%,4,40.00%,0,0,0.00%,0,0.00,0,0.00%,2,2,100.00%,0,0.00%,0,0.00%
ARRIBA-FLAGLER C-20,90.40%,9.60%,21,11.20%,29,25,86.20%,4,13.80%,4,13.80%,2,0,0.00%,2,1,2,100.00%,108,90,83.30%,18,0.17,21,19.40%,2,0,0.00%,2,100.00%,2,100.00%,14,14,100.00%,0,0.00%,0,0.00%,5,5,100.00%,0,0.00,0,0.00%,3,3,100.00%,0,0.00%,0,0.00%
HI-PLAINS R-23,80.80%,19.20%,20,20.20%,10,5,50.00%,5,50.00%,5,50.00%,4,3,75.00%,1,0.25,1,25.00%,55,41,74.50%,14,0.26,15,27.30%,0,0,0.00%,0,0.00%,0,0.00%,19,14,73.70%,5,26.30%,5,26.30%,0,0,0.00%,0,0.00,0,0.00%,2,2,100.00%,0,0.00%,0,0.00%
STRATTON R-4,90.20%,9.80%,22,10.70%,34,33,97.10%,1,2.90%,1,2.90%,27,22,81.50%,5,0.185,5,18.50%,117,104,88.90%,13,0.11,15,12.80%,9,5,55.60%,4,44.40%,4,44.40%,13,12,92.30%,1,7.70%,1,7.70%,0,0,0.00%,0,0.00,0,0.00%,13,13,100.00%,0,0.00%,0,0.00%
BETHUNE R-5,76.60%,23.40%,37,28.90%,12,9,75.00%,3,25.00%,6,50.00%,35,24,68.60%,11,0.314,12,34.30%,96,73,76.00%,23,0.24,30,31.30%,21,13,61.90%,8,38.10%,9,42.90%,6,6,100.00%,0,0.00%,0,0.00%,9,2,22.20%,7,0.78,12,133.30%,3,3,100.00%,0,0.00%,0,0.00%
BURLINGTON RE-6J,78.30%,21.70%,201,23.70%,119,96,80.70%,23,19.30%,27,22.70%,199,171,85.90%,28,0.141,29,14.60%,471,379,80.50%,92,0.20,109,23.10%,61,38,62.30%,23,37.70%,25,41.00%,112,97,86.60%,15,13.40%,15,13.40%,14,6,42.90%,8,0.57,11,78.60%,21,21,100.00%,0,0.00%,0,0.00%
LAKE COUNTY R-1,80.90%,19.10%,247,22.70%,141,112,79.40%,29,20.60%,36,25.50%,402,343,85.30%,59,0.147,73,18.20%,681,558,81.90%,123,0.18,149,21.90%,6,3,50.00%,3,50.00%,6,100.00%,743,602,81.00%,141,19.00%,167,22.50%,16,13,81.30%,3,0.19,5,31.30%,46,46,100.00%,0,0.00%,0,0.00%
DURANGO 9-R,76.70%,23.30%,"1,521",26.70%,560,456,81.40%,104,18.60%,117,20.90%,297,203,68.40%,94,0.316,114,38.40%,"1,962","1,368",69.70%,594,0.30,732,37.30%,3,2,66.70%,1,33.30%,1,33.30%,"1,521","1,172",77.10%,349,22.90%,401,26.40%,96,39,40.60%,57,0.59,83,86.50%,129,122,94.60%,7,5.40%,8,6.20%
BAYFIELD 10 JT-R,84.50%,15.50%,259,17.20%,143,120,83.90%,23,16.10%,27,18.90%,37,34,91.90%,3,0.081,3,8.10%,506,390,77.10%,116,0.23,124,24.50%,0,0,0.00%,0,0.00%,0,0.00%,90,84,93.30%,6,6.70%,6,6.70%,17,12,70.60%,5,0.29,5,29.40%,120,109,90.80%,11,9.20%,13,10.80%
IGNACIO 11 JT,78.70%,21.30%,265,26.20%,137,116,84.70%,21,15.30%,22,16.10%,70,51,72.90%,19,0.271,23,32.90%,610,470,77.00%,140,0.23,180,29.50%,3,1,33.30%,2,66.70%,2,66.70%,465,373,80.20%,92,19.80%,113,24.30%,26,14,53.80%,12,0.46,14,53.80%,44,43,97.70%,1,2.30%,1,2.30%
POUDRE R-1,87.30%,12.70%,"4,688",15.00%,"2,685","2,276",84.80%,409,15.20%,481,17.90%,"2,260","1,842",81.50%,418,0.185,498,22.00%,"9,315","7,500",80.50%,"1,815",0.20,"2,255",24.20%,46,31,67.40%,15,32.60%,16,34.80%,"2,300","1,955",85.00%,345,15.00%,402,17.50%,857,456,53.20%,401,0.47,522,60.90%,"3,975","3,795",95.50%,180,4.50%,193,4.90%
THOMPSON R2-J,84.90%,15.10%,"3,048",17.40%,"2,242","1,890",84.30%,352,15.70%,401,17.90%,683,549,80.40%,134,0.196,157,23.00%,"6,539","5,309",81.20%,"1,230",0.19,"1,451",22.20%,7,2,28.60%,5,71.40%,5,71.40%,"2,596","2,122",81.70%,474,18.30%,550,21.20%,658,382,58.10%,276,0.42,359,54.60%,"1,854","1,779",96.00%,75,4.00%,83,4.50%
ESTES PARK R-3,80.90%,19.10%,306,24.50%,103,85,82.50%,18,17.50%,20,19.40%,190,159,83.70%,31,0.163,44,23.20%,472,391,82.80%,81,0.17,114,24.20%,0,0,0.00%,0,0.00%,0,0.00%,141,124,87.90%,17,12.10%,19,13.50%,23,9,39.10%,14,0.61,24,104.30%,96,90,93.80%,6,6.30%,7,7.30%
TRINIDAD 1,77.50%,22.50%,345,27.20%,184,128,69.60%,56,30.40%,71,38.60%,40,33,82.50%,7,0.175,8,20.00%,894,733,82.00%,161,0.18,199,22.30%,0,0,0.00%,0,0.00%,0,0.00%,604,456,75.50%,148,24.50%,183,30.30%,38,17,44.70%,21,0.55,28,73.70%,40,34,85.00%,6,15.00%,6,15.00%
PRIMERO REORGANIZED 2,81.40%,18.60%,39,20.10%,25,19,76.00%,6,24.00%,6,24.00%,6,6,100.00%,0,0,0,0.00%,118,93,78.80%,25,0.21,26,22.00%,0,0,0.00%,0,0.00%,0,0.00%,89,78,87.60%,11,12.40%,13,14.60%,6,2,33.30%,4,0.67,4,66.70%,21,20,95.20%,1,4.80%,1,4.80%
HOEHNE REORGANIZED 3,84.80%,15.20%,66,16.80%,42,34,81.00%,8,19.00%,8,19.00%,4,4,100.00%,0,0,0,0.00%,161,130,80.70%,31,0.19,37,23.00%,0,0,0.00%,0,0.00%,0,0.00%,44,41,93.20%,3,6.80%,3,6.80%,0,0,0.00%,0,0.00,0,0.00%,12,10,83.30%,2,16.70%,2,16.70%
AGUILAR REORGANIZED 6,66.40%,33.60%,70,46.10%,29,24,82.80%,5,17.20%,7,24.10%,3,3,100.00%,0,0,0,0.00%,107,69,64.50%,38,0.36,57,53.30%,0,0,0.00%,0,0.00%,0,0.00%,152,101,66.40%,51,33.60%,70,46.10%,0,0,0.00%,0,0.00,0,0.00%,0,0,0.00%,0,0.00%,0,0.00%
BRANSON REORGANIZED 82,67.80%,32.20%,233,37.70%,26,24,92.30%,2,7.70%,3,11.50%,0,0,0.00%,0,0,0,0.00%,80,75,93.80%,5,0.06,6,7.50%,0,0,0.00%,0,0.00%,0,0.00%,0,0,0.00%,0,0.00%,0,0.00%,0,0,0.00%,0,0.00,0,0.00%,0,0,0.00%,0,0.00%,0,0.00%
KIM REORGANIZED 88,75.00%,25.00%,16,26.70%,0,0,0.00%,0,0.00%,0,0.00%,0,0,0.00%,0,0,0,0.00%,33,27,81.80%,6,0.18,6,18.20%,0,0,0.00%,0,0.00%,0,0.00%,38,29,76.30%,9,23.70%,9,23.70%,0,0,0.00%,0,0.00,0,0.00%,7,7,100.00%,0,0.00%,0,0.00%
GENOA-HUGO C113,85.80%,14.20%,31,17.60%,32,30,93.80%,2,6.30%,3,9.40%,0,0,0.00%,0,0,0,0.00%,59,50,84.70%,9,0.15,11,18.60%,0,0,0.00%,0,0.00%,0,0.00%,14,13,92.90%,1,7.10%,2,14.30%,0,0,0.00%,0,0.00,0,0.00%,6,6,100.00%,0,0.00%,0,0.00%
LIMON RE-4J,81.40%,18.60%,132,23.40%,94,79,84.00%,15,16.00%,16,17.00%,31,24,77.40%,7,0.226,9,29.00%,257,193,75.10%,64,0.25,85,33.10%,0,0,0.00%,0,0.00%,0,0.00%,70,65,92.90%,5,7.10%,5,7.10%,31,13,41.90%,18,0.58,20,64.50%,17,17,100.00%,0,0.00%,0,0.00%
KARVAL RE-23,84.10%,15.90%,8,18.20%,12,11,91.70%,1,8.30%,1,8.30%,0,0,0.00%,0,0,0,0.00%,25,24,96.00%,1,0.04,1,4.00%,0,0,0.00%,0,0.00%,0,0.00%,4,4,100.00%,0,0.00%,0,0.00%,0,0,0.00%,0,0.00,0,0.00%,3,3,100.00%,0,0.00%,0,0.00%
VALLEY RE-1,83.00%,17.00%,473,19.40%,384,314,81.80%,70,18.20%,75,19.50%,148,115,77.70%,33,0.223,40,27.00%,"1,295","1,019",78.70%,276,0.21,324,25.00%,31,19,61.30%,12,38.70%,15,48.40%,"1,186",965,81.40%,221,18.60%,248,20.90%,44,30,68.20%,14,0.32,17,38.60%,120,115,95.80%,5,4.20%,5,4.20%
FRENCHMAN RE-3,85.80%,14.20%,33,15.60%,34,27,79.40%,7,20.60%,8,23.50%,1,1,100.00%,0,0,0,0.00%,94,74,78.70%,20,0.21,23,24.50%,0,0,0.00%,0,0.00%,0,0.00%,17,14,82.40%,3,17.60%,3,17.60%,0,0,0.00%,0,0.00,0,0.00%,13,12,92.30%,1,7.70%,1,7.70%
BUFFALO RE-4J,89.30%,10.70%,39,11.90%,47,38,80.90%,9,19.10%,10,21.30%,2,1,50.00%,1,0.5,1,50.00%,125,106,84.80%,19,0.15,21,16.80%,4,3,75.00%,1,25.00%,1,25.00%,27,19,70.40%,8,29.60%,8,29.60%,0,0,0.00%,0,0.00,0,0.00%,8,8,100.00%,0,0.00%,0,0.00%
PLATEAU RE-5,82.90%,17.10%,32,19.50%,30,25,83.30%,5,16.70%,5,16.70%,1,1,100.00%,0,0,0,0.00%,59,46,78.00%,13,0.22,14,23.70%,0,0,0.00%,0,0.00%,0,0.00%,9,9,100.00%,0,0.00%,0,0.00%,0,0,0.00%,0,0.00,0,0.00%,13,13,100.00%,0,0.00%,0,0.00%
DE BEQUE 49JT,77.80%,22.20%,47,26.10%,15,9,60.00%,6,40.00%,8,53.30%,3,2,66.70%,1,0.333,1,33.30%,88,61,69.30%,27,0.31,34,38.60%,0,0,0.00%,0,0.00%,0,0.00%,33,28,84.80%,5,15.20%,5,15.20%,19,8,42.10%,11,0.58,17,89.50%,8,8,100.00%,0,0.00%,0,0.00%
PLATEAU VALLEY 50,63.90%,36.10%,275,43.80%,42,35,83.30%,7,16.70%,7,16.70%,6,6,100.00%,0,0,0,0.00%,141,101,71.60%,40,0.28,45,31.90%,0,0,0.00%,0,0.00%,0,0.00%,38,34,89.50%,4,10.50%,5,13.20%,0,0,0.00%,0,0.00,0,0.00%,0,0,0.00%,0,0.00%,0,0.00%
MESA COUNTY VALLEY 51,84.50%,15.50%,"4,284",18.40%,"3,164","2,648",83.70%,516,16.30%,622,19.70%,900,739,82.10%,161,0.179,201,22.30%,"10,837","8,954",82.60%,"1,883",0.17,"2,328",21.50%,109,76,69.70%,33,30.30%,40,36.70%,"6,499","5,460",84.00%,"1,039",16.00%,"1,237",19.00%,844,535,63.40%,309,0.37,421,49.90%,902,858,95.10%,44,4.90%,47,5.20%
CREEDE SCHOOL DISTRICT,68.90%,31.10%,36,35.00%,5,3,60.00%,2,40.00%,2,40.00%,0,0,0.00%,0,0,0,0.00%,62,42,67.70%,20,0.32,24,38.70%,0,0,0.00%,0,0.00%,0,0.00%,103,71,68.90%,32,31.10%,36,35.00%,0,0,0.00%,0,0.00,0,0.00%,4,4,100.00%,0,0.00%,0,0.00%
MOFFAT COUNTY RE:NO 1,79.90%,20.10%,570,24.60%,286,223,78.00%,63,22.00%,74,25.90%,248,200,80.60%,48,0.194,53,21.40%,"1,106",849,76.80%,257,0.23,323,29.20%,3,3,100.00%,0,0.00%,0,0.00%,91,74,81.30%,17,18.70%,21,23.10%,4,1,25.00%,3,0.75,4,100.00%,0,0,0.00%,0,0.00%,0,0.00%
MONTEZUMA-CORTEZ RE-1,74.70%,25.30%,951,30.60%,397,294,74.10%,103,25.90%,122,30.70%,180,125,69.40%,55,0.306,64,35.60%,"2,113","1,560",73.80%,553,0.26,674,31.90%,12,9,75.00%,3,25.00%,3,25.00%,"1,421","1,073",75.50%,348,24.50%,411,28.90%,7,4,57.10%,3,0.43,5,71.40%,102,92,90.20%,10,9.80%,10,9.80%
DOLORES RE-4A,83.00%,17.00%,139,18.70%,84,66,78.60%,18,21.40%,20,23.80%,20,16,80.00%,4,0.2,4,20.00%,321,249,77.60%,72,0.22,81,25.20%,0,0,0.00%,0,0.00%,0,0.00%,435,367,84.40%,68,15.60%,75,17.20%,21,12,57.10%,9,0.43,13,61.90%,22,21,95.50%,1,4.50%,1,4.50%
MANCOS RE-6,82.20%,17.80%,102,20.60%,76,64,84.20%,12,15.80%,15,19.70%,40,34,85.00%,6,0.15,8,20.00%,280,223,79.60%,57,0.20,66,23.60%,1,1,100.00%,0,0.00%,0,0.00%,0,0,0.00%,0,0.00%,0,0.00%,26,12,46.20%,14,0.54,19,73.10%,35,29,82.90%,6,17.10%,7,20.00%
MONTROSE COUNTY RE-1J,83.70%,16.30%,"1,260",19.30%,843,699,82.90%,144,17.10%,173,20.50%,"1,019",884,86.80%,135,0.132,174,17.10%,"3,264","2,687",82.30%,577,0.18,719,22.00%,57,36,63.20%,21,36.80%,30,52.60%,"2,843","2,422",85.20%,421,14.80%,480,16.90%,313,145,46.30%,168,0.54,212,67.70%,500,483,96.60%,17,3.40%,18,3.60%
WEST END RE-2,79.10%,20.90%,78,26.40%,35,26,74.30%,9,25.70%,11,31.40%,2,2,100.00%,0,0,0,0.00%,187,139,74.30%,48,0.26,62,33.20%,0,0,0.00%,0,0.00%,0,0.00%,200,159,79.50%,41,20.50%,53,26.50%,0,0,0.00%,0,0.00,0,0.00%,5,4,80.00%,1,20.00%,1,20.00%
BRUSH RE-2(J),84.10%,15.90%,315,19.00%,193,150,77.70%,43,22.30%,47,24.40%,232,210,90.50%,22,0.095,23,9.90%,961,783,81.50%,178,0.19,214,22.30%,38,19,50.00%,19,50.00%,22,57.90%,244,220,90.20%,24,9.80%,28,11.50%,61,38,62.30%,23,0.38,31,50.80%,78,76,97.40%,2,2.60%,2,2.60%
FORT MORGAN RE-3,81.60%,18.40%,711,20.90%,430,358,83.30%,72,16.70%,78,18.10%,"1,054",840,79.70%,214,0.203,240,22.80%,"2,369","1,912",80.70%,457,0.19,522,22.00%,296,161,54.40%,135,45.60%,155,52.40%,"1,621","1,333",82.20%,288,17.80%,320,19.70%,327,188,57.50%,139,0.43,171,52.30%,162,159,98.10%,3,1.90%,3,1.90%
WELDON VALLEY RE-20(J),89.50%,10.50%,25,10.50%,29,26,89.70%,3,10.30%,3,10.30%,0,0,0.00%,0,0,0,0.00%,89,82,92.10%,7,0.08,7,7.90%,0,0,0.00%,0,0.00%,0,0.00%,37,36,97.30%,1,2.70%,1,2.70%,11,7,63.60%,4,0.36,4,36.40%,7,7,100.00%,0,0.00%,0,0.00%
WIGGINS RE-50(J),83.80%,16.20%,113,18.20%,54,45,83.30%,9,16.70%,13,24.10%,61,52,85.20%,9,0.148,10,16.40%,272,219,80.50%,53,0.20,63,23.20%,13,7,53.80%,6,46.20%,8,61.50%,440,372,84.50%,68,15.50%,78,17.70%,8,1,12.50%,7,0.88,9,112.50%,27,27,100.00%,0,0.00%,0,0.00%
EAST OTERO R-1,78.90%,21.10%,394,25.80%,243,190,78.20%,53,21.80%,59,24.30%,41,33,80.50%,8,0.195,11,26.80%,"1,150",899,78.20%,251,0.22,313,27.20%,4,3,75.00%,1,25.00%,1,25.00%,875,636,72.70%,239,27.30%,286,32.70%,4,1,25.00%,3,0.75,4,100.00%,48,46,95.80%,2,4.20%,2,4.20%
ROCKY FORD R-2,83.40%,16.60%,170,18.60%,101,81,80.20%,20,19.80%,23,22.80%,56,46,82.10%,10,0.179,11,19.60%,710,586,82.50%,124,0.18,139,19.60%,6,5,83.30%,1,16.70%,1,16.70%,567,466,82.20%,101,17.80%,112,19.80%,2,1,50.00%,1,0.50,1,50.00%,16,15,93.80%,1,6.30%,1,6.30%
MANZANOLA 3J,70.40%,29.60%,63,37.30%,10,8,80.00%,2,20.00%,3,30.00%,28,21,75.00%,7,0.25,8,28.60%,111,80,72.10%,31,0.28,37,33.30%,14,7,50.00%,7,50.00%,8,57.10%,76,53,69.70%,23,30.30%,30,39.50%,0,0,0.00%,0,0.00,0,0.00%,15,15,100.00%,0,0.00%,0,0.00%
FOWLER R-4J,81.30%,18.70%,97,21.40%,50,39,78.00%,11,22.00%,15,30.00%,7,4,57.10%,3,0.429,3,42.90%,265,206,77.70%,59,0.22,69,26.00%,1,1,100.00%,0,0.00%,0,0.00%,56,42,75.00%,14,25.00%,14,25.00%,1,0,0.00%,1,1.00,1,100.00%,27,26,96.30%,1,3.70%,1,3.70%
CHERAW 31,92.30%,7.70%,20,8.60%,33,28,84.80%,5,15.20%,5,15.20%,0,0,0.00%,0,0,0,0.00%,152,137,90.10%,15,0.10,17,11.20%,0,0,0.00%,0,0.00%,0,0.00%,233,215,92.30%,18,7.70%,20,8.60%,0,0,0.00%,0,0.00,0,0.00%,1,1,100.00%,0,0.00%,0,0.00%
SWINK 33,92.30%,7.70%,33,8.20%,36,32,88.90%,4,11.10%,4,11.10%,0,0,0.00%,0,0,0,0.00%,178,165,92.70%,13,0.07,14,7.90%,1,0,0.00%,1,100.00%,2,200.00%,198,190,96.00%,8,4.00%,10,5.10%,1,1,100.00%,0,0.00,0,0.00%,23,23,100.00%,0,0.00%,0,0.00%
OURAY R-1,80.30%,19.70%,44,22.80%,21,16,76.20%,5,23.80%,7,33.30%,7,6,85.70%,1,0.143,1,14.30%,55,46,83.60%,9,0.16,10,18.20%,0,0,0.00%,0,0.00%,0,0.00%,16,13,81.30%,3,18.80%,4,25.00%,0,0,0.00%,0,0.00,0,0.00%,22,20,90.90%,2,9.10%,2,9.10%
RIDGWAY R-2,80.40%,19.60%,82,22.00%,32,28,87.50%,4,12.50%,4,12.50%,9,8,88.90%,1,0.111,1,11.10%,107,75,70.10%,32,0.30,39,36.40%,2,2,100.00%,0,0.00%,0,0.00%,37,31,83.80%,6,16.20%,8,21.60%,11,6,54.50%,5,0.46,6,54.50%,34,28,82.40%,6,17.60%,6,17.60%
PLATTE CANYON 1,80.90%,19.10%,237,21.00%,162,136,84.00%,26,16.00%,27,16.70%,2,2,100.00%,0,0,0,0.00%,354,276,78.00%,78,0.22,93,26.30%,0,0,0.00%,0,0.00%,0,0.00%,73,51,69.90%,22,30.10%,26,35.60%,15,8,53.30%,7,0.47,8,53.30%,73,67,91.80%,6,8.20%,6,8.20%
PARK COUNTY RE-2,76.20%,23.80%,194,27.10%,83,58,69.90%,25,30.10%,29,34.90%,10,9,90.00%,1,0.1,1,10.00%,339,247,72.90%,92,0.27,105,31.00%,0,0,0.00%,0,0.00%,0,0.00%,92,79,85.90%,13,14.10%,15,16.30%,2,0,0.00%,2,1.00,4,200.00%,30,27,90.00%,3,10.00%,3,10.00%
HOLYOKE RE-1J,85.80%,14.20%,99,15.80%,72,60,83.30%,12,16.70%,12,16.70%,147,125,85.00%,22,0.15,27,18.40%,296,244,82.40%,52,0.18,58,19.60%,29,20,69.00%,9,31.00%,12,41.40%,622,535,86.00%,87,14.00%,96,15.40%,0,0,0.00%,0,0.00,0,0.00%,38,37,97.40%,1,2.60%,1,2.60%
HAXTUN RE-2J,88.20%,11.80%,41,13.10%,45,39,86.70%,6,13.30%,6,13.30%,6,6,100.00%,0,0,0,0.00%,117,96,82.10%,21,0.18,25,21.40%,0,0,0.00%,0,0.00%,0,0.00%,7,7,100.00%,0,0.00%,0,0.00%,0,0,0.00%,0,0.00,0,0.00%,7,7,100.00%,0,0.00%,0,0.00%
ASPEN 1,86.70%,13.30%,278,15.30%,162,145,89.50%,17,10.50%,18,11.10%,141,118,83.70%,23,0.163,31,22.00%,129,114,88.40%,15,0.12,20,15.50%,0,0,0.00%,0,0.00%,0,0.00%,71,67,94.40%,4,5.60%,4,5.60%,0,0,0.00%,0,0.00,0,0.00%,105,96,91.40%,9,8.60%,11,10.50%
GRANADA RE-1,83.00%,17.00%,47,22.20%,11,10,90.90%,1,9.10%,1,9.10%,34,21,61.80%,13,0.382,18,52.90%,138,106,76.80%,32,0.23,43,31.20%,25,14,56.00%,11,44.00%,15,60.00%,23,17,73.90%,6,26.10%,10,43.50%,0,0,0.00%,0,0.00,0,0.00%,11,11,100.00%,0,0.00%,0,0.00%
LAMAR RE-2,86.30%,13.70%,283,17.20%,182,147,80.80%,35,19.20%,45,24.70%,139,124,89.20%,15,0.108,17,12.20%,"1,113",924,83.00%,189,0.17,241,21.70%,34,27,79.40%,7,20.60%,13,38.20%,814,696,85.50%,118,14.50%,147,18.10%,52,37,71.20%,15,0.29,20,38.50%,91,91,100.00%,0,0.00%,0,0.00%
HOLLY RE-3,87.20%,12.80%,50,16.00%,31,26,83.90%,5,16.10%,7,22.60%,69,57,82.60%,12,0.174,15,21.70%,226,192,85.00%,34,0.15,42,18.60%,13,13,100.00%,0,0.00%,0,0.00%,165,137,83.00%,28,17.00%,35,21.20%,0,0,0.00%,0,0.00,0,0.00%,20,18,90.00%,2,10.00%,2,10.00%
WILEY RE-13 JT,83.30%,16.70%,53,19.20%,24,17,70.80%,7,29.20%,7,29.20%,8,8,100.00%,0,0,0,0.00%,142,106,74.60%,36,0.25,43,30.30%,2,2,100.00%,0,0.00%,0,0.00%,33,28,84.80%,5,15.20%,5,15.20%,0,0,0.00%,0,0.00,0,0.00%,7,7,100.00%,0,0.00%,0,0.00%
PUEBLO CITY 60,85.50%,14.50%,"3,228",17.10%,"2,573","2,153",83.70%,420,16.30%,486,18.90%,"1,162",961,82.70%,201,0.173,246,21.20%,"14,251","12,232",85.80%,"2,019",0.14,"2,411",16.90%,50,27,54.00%,23,46.00%,26,52.00%,"8,354","6,935",83.00%,"1,419",17.00%,"1,698",20.30%,"1,320","1,109",84.00%,211,0.16,255,19.30%,858,816,95.10%,42,4.90%,45,5.20%
PUEBLO COUNTY 70,85.40%,14.60%,"1,755",16.60%,"1,543","1,313",85.10%,230,14.90%,260,16.90%,413,334,80.90%,79,0.191,91,22.00%,"4,837","4,028",83.30%,809,0.17,923,19.10%,26,22,84.60%,4,15.40%,6,23.10%,"2,733","2,299",84.10%,434,15.90%,486,17.80%,55,24,43.60%,31,0.56,43,78.20%,478,453,94.80%,25,5.20%,29,6.10%
MEEKER RE1,85.50%,14.50%,129,16.80%,102,87,85.30%,15,14.70%,16,15.70%,58,49,84.50%,9,0.155,9,15.50%,267,210,78.70%,57,0.21,70,26.20%,2,0,0.00%,2,100.00%,2,100.00%,44,39,88.60%,5,11.40%,7,15.90%,6,3,50.00%,3,0.50,7,116.70%,38,38,100.00%,0,0.00%,0,0.00%
RANGELY RE-4,88.80%,11.20%,66,12.40%,67,64,95.50%,3,4.50%,3,4.50%,8,4,50.00%,4,0.5,4,50.00%,198,169,85.40%,29,0.15,32,16.20%,0,0,0.00%,0,0.00%,0,0.00%,41,40,97.60%,1,2.40%,1,2.40%,9,8,88.90%,1,0.11,1,11.10%,21,21,100.00%,0,0.00%,0,0.00%
DEL NORTE C-7,89.30%,10.70%,51,10.70%,40,38,95.00%,2,5.00%,2,5.00%,17,15,88.20%,2,0.118,2,11.80%,254,220,86.60%,34,0.13,34,13.40%,8,7,87.50%,1,12.50%,1,12.50%,189,167,88.40%,22,11.60%,22,11.60%,21,20,95.20%,1,0.05,1,4.80%,8,8,100.00%,0,0.00%,0,0.00%
MONTE VISTA C-8,83.10%,16.90%,253,19.80%,137,114,83.20%,23,16.80%,29,21.20%,125,95,76.00%,30,0.24,43,34.40%,802,702,87.50%,100,0.13,123,15.30%,61,32,52.50%,29,47.50%,40,65.60%,848,702,82.80%,146,17.20%,175,20.60%,2,2,100.00%,0,0.00,0,0.00%,0,0,0.00%,0,0.00%,0,0.00%
SARGENT RE-33J,88.40%,11.60%,58,12.90%,28,25,89.30%,3,10.70%,3,10.70%,14,13,92.90%,1,0.071,1,7.10%,152,132,86.80%,20,0.13,21,13.80%,11,7,63.60%,4,36.40%,4,36.40%,232,203,87.50%,29,12.50%,33,14.20%,1,1,100.00%,0,0.00,0,0.00%,14,14,100.00%,0,0.00%,0,0.00%
HAYDEN RE-1,80.60%,19.40%,108,23.80%,55,50,90.90%,5,9.10%,5,9.10%,23,16,69.60%,7,0.304,7,30.40%,206,150,72.80%,56,0.27,76,36.90%,0,0,0.00%,0,0.00%,0,0.00%,200,171,85.50%,29,14.50%,41,20.50%,10,3,30.00%,7,0.70,9,90.00%,13,12,92.30%,1,7.70%,2,15.40%
STEAMBOAT SPRINGS RE-2,83.80%,16.20%,542,19.30%,368,343,93.20%,25,6.80%,31,8.40%,238,201,84.50%,37,0.155,42,17.60%,457,393,86.00%,64,0.14,74,16.20%,1,1,100.00%,0,0.00%,0,0.00%,323,273,84.50%,50,15.50%,54,16.70%,2,2,100.00%,0,0.00,0,0.00%,292,276,94.50%,16,5.50%,22,7.50%
SOUTH ROUTT RE 3,83.00%,17.00%,83,21.10%,53,48,90.60%,5,9.40%,7,13.20%,18,8,44.40%,10,0.556,15,83.30%,187,142,75.90%,45,0.24,59,31.60%,0,0,0.00%,0,0.00%,0,0.00%,37,36,97.30%,1,2.70%,2,5.40%,0,0,0.00%,0,0.00,0,0.00%,15,15,100.00%,0,0.00%,0,0.00%
MOUNTAIN VALLEY RE 1,72.60%,27.40%,57,34.80%,22,17,77.30%,5,22.70%,5,22.70%,5,1,20.00%,4,0.8,5,100.00%,122,92,75.40%,30,0.25,35,28.70%,0,0,0.00%,0,0.00%,0,0.00%,52,37,71.20%,15,28.80%,22,42.30%,37,31,83.80%,6,0.16,7,18.90%,2,2,100.00%,0,0.00%,0,0.00%
MOFFAT 2,74.20%,25.80%,68,28.80%,16,13,81.30%,3,18.80%,3,18.80%,4,3,75.00%,1,0.25,1,25.00%,176,127,72.20%,49,0.28,56,31.80%,2,2,100.00%,0,0.00%,0,0.00%,115,75,65.20%,40,34.80%,46,40.00%,61,45,73.80%,16,0.26,20,32.80%,4,4,100.00%,0,0.00%,0,0.00%
CENTER 26 JT,75.40%,24.60%,212,30.30%,48,39,81.30%,9,18.80%,10,20.80%,281,202,71.90%,79,0.281,98,34.90%,644,493,76.60%,151,0.23,187,29.00%,133,68,51.10%,65,48.90%,73,54.90%,487,366,75.20%,121,24.80%,149,30.60%,124,69,55.60%,55,0.44,76,61.30%,0,0,0.00%,0,0.00%,0,0.00%
SILVERTON 1,75.30%,24.70%,24,32.90%,7,6,85.70%,1,14.30%,2,28.60%,22,13,59.10%,9,0.409,11,50.00%,49,34,69.40%,15,0.31,20,40.80%,0,0,0.00%,0,0.00%,0,0.00%,17,13,76.50%,4,23.50%,5,29.40%,7,4,57.10%,3,0.43,5,71.40%,6,6,100.00%,0,0.00%,0,0.00%
TELLURIDE R-1,83.80%,16.20%,185,19.80%,91,80,87.90%,11,12.10%,14,15.40%,119,97,81.50%,22,0.185,23,19.30%,204,180,88.20%,24,0.12,29,14.20%,0,0,0.00%,0,0.00%,0,0.00%,65,61,93.80%,4,6.20%,4,6.20%,0,0,0.00%,0,0.00,0,0.00%,34,33,97.10%,1,2.90%,1,2.90%
NORWOOD R-2J,80.30%,19.70%,67,25.40%,32,24,75.00%,8,25.00%,12,37.50%,14,8,57.10%,6,0.429,6,42.90%,130,95,73.10%,35,0.27,48,36.90%,0,0,0.00%,0,0.00%,0,0.00%,105,84,80.00%,21,20.00%,29,27.60%,9,6,66.70%,3,0.33,3,33.30%,16,15,93.80%,1,6.30%,1,6.30%
JULESBURG RE-1,76.40%,23.60%,173,24.90%,102,80,78.40%,22,21.60%,23,22.50%,31,25,80.60%,6,0.194,7,22.60%,248,176,71.00%,72,0.29,78,31.50%,8,6,75.00%,2,25.00%,2,25.00%,31,29,93.50%,2,6.50%,2,6.50%,0,0,0.00%,0,0.00,0,0.00%,10,10,100.00%,0,0.00%,0,0.00%
REVERE SCHOOL DISTRICT,79.60%,20.40%,34,23.90%,26,20,76.90%,6,23.10%,6,23.10%,0,0,0.00%,0,0,0,0.00%,90,71,78.90%,19,0.21,21,23.30%,0,0,0.00%,0,0.00%,0,0.00%,7,5,71.40%,2,28.60%,4,57.10%,25,17,68.00%,8,0.32,10,40.00%,3,3,100.00%,0,0.00%,0,0.00%
SUMMIT RE-1,86.20%,13.80%,580,15.70%,413,367,88.90%,46,11.10%,48,11.60%,963,830,86.20%,133,0.138,157,16.30%,"1,329","1,142",85.90%,187,0.14,215,16.20%,0,0,0.00%,0,0.00%,0,0.00%,139,124,89.20%,15,10.80%,15,10.80%,24,10,41.70%,14,0.58,15,62.50%,334,315,94.30%,19,5.70%,19,5.70%
CRIPPLE CREEK-VICTOR RE-1,61.40%,38.60%,215,46.90%,63,31,49.20%,32,50.80%,41,65.10%,3,1,33.30%,2,0.667,2,66.70%,316,182,57.60%,134,0.42,168,53.20%,0,0,0.00%,0,0.00%,0,0.00%,276,166,60.10%,110,39.90%,141,51.10%,29,19,65.50%,10,0.35,15,51.70%,11,9,81.80%,2,18.20%,2,18.20%
WOODLAND PARK RE-2,79.50%,20.50%,675,23.70%,248,191,77.00%,57,23.00%,66,26.60%,74,54,73.00%,20,0.27,22,29.70%,919,692,75.30%,227,0.25,280,30.50%,0,0,0.00%,0,0.00%,0,0.00%,166,146,88.00%,20,12.00%,27,16.30%,29,10,34.50%,19,0.66,29,100.00%,70,70,100.00%,0,0.00%,0,0.00%
AKRON R-1,83.00%,17.00%,75,18.50%,62,45,72.60%,17,27.40%,17,27.40%,19,17,89.50%,2,0.105,2,10.50%,231,180,77.90%,51,0.22,53,22.90%,15,12,80.00%,3,20.00%,3,20.00%,95,78,82.10%,17,17.90%,18,18.90%,18,10,55.60%,8,0.44,9,50.00%,13,13,100.00%,0,0.00%,0,0.00%
ARICKAREE R-2,84.10%,15.90%,19,17.80%,10,8,80.00%,2,20.00%,2,20.00%,34,20,58.80%,14,0.412,16,47.10%,61,45,73.80%,16,0.26,18,29.50%,29,18,62.10%,11,37.90%,13,44.80%,8,6,75.00%,2,25.00%,2,25.00%,3,0,0.00%,3,1.00,5,166.70%,3,3,100.00%,0,0.00%,0,0.00%
OTIS R-3,88.90%,11.10%,29,11.50%,32,30,93.80%,2,6.30%,2,6.30%,2,2,100.00%,0,0,0,0.00%,124,102,82.30%,22,0.18,23,18.50%,5,0,0.00%,5,100.00%,5,100.00%,4,4,100.00%,0,0.00%,0,0.00%,12,6,50.00%,6,0.50,6,50.00%,6,6,100.00%,0,0.00%,0,0.00%
LONE STAR 101,90.20%,9.80%,14,11.50%,19,16,84.20%,3,15.80%,4,21.10%,10,10,100.00%,0,0,0,0.00%,62,52,83.90%,10,0.16,12,19.40%,0,0,0.00%,0,0.00%,0,0.00%,4,4,100.00%,0,0.00%,0,0.00%,0,0,0.00%,0,0.00,0,0.00%,2,2,100.00%,0,0.00%,0,0.00%
WOODLIN R-104,83.20%,16.80%,24,20.20%,14,10,71.40%,4,28.60%,4,28.60%,2,2,100.00%,0,0,0,0.00%,66,58,87.90%,8,0.12,9,13.60%,2,2,100.00%,0,0.00%,0,0.00%,119,99,83.20%,20,16.80%,24,20.20%,0,0,0.00%,0,0.00,0,0.00%,0,0,0.00%,0,0.00%,0,0.00%
WELD COUNTY RE-1,81.40%,18.60%,478,22.20%,232,183,78.90%,49,21.10%,58,25.00%,412,347,84.20%,65,0.158,82,19.90%,"1,186",969,81.70%,217,0.18,269,22.70%,130,98,75.40%,32,24.60%,40,30.80%,63,58,92.10%,5,7.90%,7,11.10%,60,27,45.00%,33,0.55,48,80.00%,0,0,0.00%,0,0.00%,0,0.00%
EATON RE-2,91.30%,8.70%,200,9.70%,184,164,89.10%,20,10.90%,24,13.00%,136,121,89.00%,15,0.11,18,13.20%,706,626,88.70%,80,0.11,94,13.30%,35,29,82.90%,6,17.10%,6,17.10%,100,95,95.00%,5,5.00%,5,5.00%,21,9,42.90%,12,0.57,18,85.70%,132,128,97.00%,4,3.00%,4,3.00%
WELD COUNTY SCHOOL DISTRICT RE-3J,84.60%,15.40%,457,17.20%,248,198,79.80%,50,20.20%,60,24.20%,457,403,88.20%,54,0.118,58,12.70%,"1,005",871,86.70%,134,0.13,150,14.90%,40,31,77.50%,9,22.50%,12,30.00%,246,222,90.20%,24,9.80%,26,10.60%,58,25,43.10%,33,0.57,38,65.50%,80,78,97.50%,2,2.50%,2,2.50%
WINDSOR RE-4,87.20%,12.80%,914,14.20%,549,473,86.20%,76,13.80%,84,15.30%,126,87,69.00%,39,0.31,47,37.30%,"1,075",880,81.90%,195,0.18,230,21.40%,11,4,36.40%,7,63.60%,10,90.90%,204,176,86.30%,28,13.70%,33,16.20%,36,15,41.70%,21,0.58,27,75.00%,278,276,99.30%,2,0.70%,2,0.70%
JOHNSTOWN-MILLIKEN RE-5J,87.00%,13.00%,610,14.80%,422,351,83.20%,71,16.80%,77,18.20%,268,233,86.90%,35,0.131,43,16.00%,"1,337","1,144",85.60%,193,0.14,228,17.10%,14,9,64.30%,5,35.70%,5,35.70%,108,98,90.70%,10,9.30%,11,10.20%,9,4,44.40%,5,0.56,6,66.70%,132,129,97.70%,3,2.30%,3,2.30%
GREELEY 6,83.00%,17.00%,"4,981",20.30%,"2,695","2,162",80.20%,533,19.80%,632,23.50%,"5,934","4,941",83.30%,993,0.167,"1,175",19.80%,"15,457","12,675",82.00%,"2,782",0.18,"3,356",21.70%,750,466,62.10%,284,37.90%,338,45.10%,"8,531","6,830",80.10%,"1,701",19.90%,"2,038",23.90%,490,212,43.30%,278,0.57,394,80.40%,"1,093","1,044",95.50%,49,4.50%,52,4.80%
PLATTE VALLEY RE-7,88.90%,11.10%,154,12.40%,114,99,86.80%,15,13.20%,16,14.00%,128,109,85.20%,19,0.148,22,17.20%,503,437,86.90%,66,0.13,73,14.50%,43,35,81.40%,8,18.60%,8,18.60%,542,474,87.50%,68,12.50%,79,14.60%,20,16,80.00%,4,0.20,8,40.00%,56,56,100.00%,0,0.00%,0,0.00%
WELD COUNTY S/D RE-8,84.00%,16.00%,475,18.60%,244,194,79.50%,50,20.50%,57,23.40%,759,645,85.00%,114,0.15,141,18.60%,"1,327","1,151",86.70%,176,0.13,215,16.20%,102,65,63.70%,37,36.30%,50,49.00%,"1,067",896,84.00%,171,16.00%,202,18.90%,81,37,45.70%,44,0.54,62,76.50%,100,95,95.00%,5,5.00%,5,5.00%
AULT-HIGHLAND RE-9,85.00%,15.00%,176,18.20%,102,87,85.30%,15,14.70%,18,17.60%,125,103,82.40%,22,0.176,24,19.20%,480,391,81.50%,89,0.19,117,24.40%,18,15,83.30%,3,16.70%,4,22.20%,446,366,82.10%,80,17.90%,104,23.30%,26,14,53.80%,12,0.46,25,96.20%,34,32,94.10%,2,5.90%,2,5.90%
BRIGGSDALE RE-10,87.10%,12.90%,25,13.40%,24,19,79.20%,5,20.80%,5,20.80%,3,3,100.00%,0,0,0,0.00%,63,55,87.30%,8,0.13,8,12.70%,0,0,0.00%,0,0.00%,0,0.00%,10,9,90.00%,1,10.00%,1,10.00%,0,0,0.00%,0,0.00,0,0.00%,2,2,100.00%,0,0.00%,0,0.00%
PRAIRIE RE-11,92.10%,7.90%,19,8.80%,19,18,94.70%,1,5.30%,1,5.30%,0,0,0.00%,0,0,0,0.00%,52,48,92.30%,4,0.08,5,9.60%,0,0,0.00%,0,0.00%,0,0.00%,33,33,100.00%,0,0.00%,0,0.00%,0,0,0.00%,0,0.00,0,0.00%,13,13,100.00%,0,0.00%,0,0.00%
PAWNEE RE-12,79.40%,20.60%,21,21.60%,10,9,90.00%,1,10.00%,1,10.00%,0,0,0.00%,0,0,0,0.00%,51,35,68.60%,16,0.31,16,31.40%,7,0,0.00%,7,100.00%,7,100.00%,97,77,79.40%,20,20.60%,21,21.60%,0,0,0.00%,0,0.00,0,0.00%,0,0,0.00%,0,0.00%,0,0.00%
YUMA 1,87.20%,12.80%,128,15.00%,97,85,87.60%,12,12.40%,14,14.40%,328,281,85.70%,47,0.143,60,18.30%,518,437,84.40%,81,0.16,89,17.20%,80,51,63.80%,29,36.30%,35,43.80%,853,744,87.20%,109,12.80%,128,15.00%,35,10,28.60%,25,0.71,28,80.00%,51,47,92.20%,4,7.80%,5,9.80%
WRAY RD-2,85.70%,14.30%,113,16.50%,90,78,86.70%,12,13.30%,15,16.70%,113,95,84.10%,18,0.159,23,20.40%,395,331,83.80%,64,0.16,76,19.20%,23,15,65.20%,8,34.80%,10,43.50%,412,361,87.60%,51,12.40%,59,14.30%,19,5,26.30%,14,0.74,18,94.70%,14,12,85.70%,2,14.30%,2,14.30%
IDALIA RJ-3,91.00%,9.00%,20,9.00%,22,20,90.90%,2,9.10%,2,9.10%,39,34,87.20%,5,0.128,5,12.80%,136,121,89.00%,15,0.11,15,11.00%,13,10,76.90%,3,23.10%,3,23.10%,15,15,100.00%,0,0.00%,0,0.00%,2,1,50.00%,1,0.50,1,50.00%,8,8,100.00%,0,0.00%,0,0.00%
LIBERTY J-4,88.20%,11.80%,10,13.20%,4,4,100.00%,0,0.00%,0,0.00%,5,1,20.00%,4,0.8,4,80.00%,28,20,71.40%,8,0.29,9,32.10%,5,2,40.00%,3,60.00%,3,60.00%,7,7,100.00%,0,0.00%,0,0.00%,0,0,0.00%,0,0.00,0,0.00%,1,1,100.00%,0,0.00%,0,0.00%
CHARTER SCHOOL INSTITUTE,82.70%,17.30%,"3,598",19.40%,"1,233","1,044",84.70%,189,15.30%,206,16.70%,"3,951","3,220",81.50%,731,0.185,847,21.40%,"7,741","6,421",82.90%,"1,320",0.17,"1,526",19.70%,73,59,80.80%,14,19.20%,17,23.30%,"8,496","6,958",81.90%,"1,538",18.10%,"1,782",21.00%,132,88,66.70%,44,0.33,55,41.70%,750,698,93.10%,52,6.90%,54,7.20%
COLORADO SCHOOL FOR THE DEAF AND BLIND,82.90%,17.10%,40,19.00%,210,174,82.90%,36,17.10%,40,19.00%,1,1,100.00%,0,0,0,0.00%,134,111,82.80%,23,0.17,26,19.40%,1,0,0.00%,1,100.00%,1,100.00%,210,174,82.90%,36,17.10%,40,19.00%,11,7,63.60%,4,0.36,4,36.40%,0,0,0.00%,0,0.00%,0,0.00%
EAST CENTRAL BOCES,0.00%,0.00%,0,0.00%,0,0,0.00%,0,0.00%,0,0.00%,0,0,0.00%,0,0,0,0.00%,0,0,0.00%,0,0.00,0,0.00%,0,0,0.00%,0,0.00%,0,0.00%,0,0,0.00%,0,0.00%,0,0.00%,0,0,0.00%,0,0.00,0,0.00%,0,0,0.00%,0,0.00%,0,0.00%
MOUNTAIN BOCES,82.20%,17.80%,30,18.40%,11,8,72.70%,3,27.30%,3,27.30%,10,9,90.00%,1,0.1,1,10.00%,68,56,82.40%,12,0.18,12,17.60%,0,0,0.00%,0,0.00%,0,0.00%,0,0,0.00%,0,0.00%,0,0.00%,19,11,57.90%,8,0.42,8,42.10%,0,0,0.00%,0,0.00%,0,0.00%
CENTENNIAL BOCES,42.20%,57.80%,167,65.20%,24,9,37.50%,15,62.50%,16,66.70%,12,6,50.00%,6,0.5,6,50.00%,21,7,33.30%,14,0.67,15,71.40%,6,1,16.70%,5,83.30%,6,100.00%,0,0,0.00%,0,0.00%,0,0.00%,15,6,40.00%,9,0.60,9,60.00%,0,0,0.00%,0,0.00%,0,0.00%
NORTHEAST BOCES,0.00%,0.00%,0,0.00%,0,0,0.00%,0,0.00%,0,0.00%,0,0,0.00%,0,0,0,0.00%,0,0,0.00%,0,0.00,0,0.00%,0,0,0.00%,0,0.00%,0,0.00%,0,0,0.00%,0,0.00%,0,0.00%,0,0,0.00%,0,0.00,0,0.00%,0,0,0.00%,0,0.00%,0,0.00%
PIKES PEAK BOCES,0.00%,0.00%,0,0.00%,0,0,0.00%,0,0.00%,0,0.00%,0,0,0.00%,0,0,0,0.00%,0,0,0.00%,0,0.00,0,0.00%,0,0,0.00%,0,0.00%,0,0.00%,0,0,0.00%,0,0.00%,0,0.00%,0,0,0.00%,0,0.00,0,0.00%,0,0,0.00%,0,0.00%,0,0.00%
SAN JUAN BOCES,41.80%,58.20%,35,63.60%,0,0,0.00%,0,0.00%,0,0.00%,0,0,0.00%,0,0,0,0.00%,15,3,20.00%,12,0.80,14,93.30%,0,0,0.00%,0,0.00%,0,0.00%,0,0,0.00%,0,0.00%,0,0.00%,0,0,0.00%,0,0.00,0,0.00%,7,5,71.40%,2,28.60%,2,28.60%
SAN LUIS VALLEY BOCES,0.00%,0.00%,0,0.00%,0,0,0.00%,0,0.00%,0,0.00%,0,0,0.00%,0,0,0,0.00%,0,0,0.00%,0,0.00,0,0.00%,0,0,0.00%,0,0.00%,0,0.00%,0,0,0.00%,0,0.00%,0,0.00%,0,0,0.00%,0,0.00,0,0.00%,0,0,0.00%,0,0.00%,0,0.00%
SOUTH CENTRAL BOCES,0.00%,0.00%,0,0.00%,0,0,0.00%,0,0.00%,0,0.00%,0,0,0.00%,0,0,0,0.00%,0,0,0.00%,0,0.00,0,0.00%,0,0,0.00%,0,0.00%,0,0.00%,0,0,0.00%,0,0.00%,0,0.00%,0,0,0.00%,0,0.00,0,0.00%,0,0,0.00%,0,0.00%,0,0.00%
SOUTHEASTERN BOCES,0.00%,0.00%,0,0.00%,0,0,0.00%,0,0.00%,0,0.00%,0,0,0.00%,0,0,0,0.00%,0,0,0.00%,0,0.00,0,0.00%,0,0,0.00%,0,0.00%,0,0.00%,0,0,0.00%,0,0.00%,0,0.00%,0,0,0.00%,0,0.00,0,0.00%,0,0,0.00%,0,0.00%,0,0.00%
NORTHWEST COLO BOCES,0.00%,0.00%,0,0.00%,0,0,0.00%,0,0.00%,0,0.00%,0,0,0.00%,0,0,0,0.00%,0,0,0.00%,0,0.00,0,0.00%,0,0,0.00%,0,0.00%,0,0.00%,0,0,0.00%,0,0.00%,0,0.00%,0,0,0.00%,0,0.00,0,0.00%,0,0,0.00%,0,0.00%,0,0.00%
ADAMS COUNTY BOCES,0.00%,0.00%,0,0.00%,0,0,0.00%,0,0.00%,0,0.00%,0,0,0.00%,0,0,0,0.00%,0,0,0.00%,0,0.00,0,0.00%,0,0,0.00%,0,0.00%,0,0.00%,0,0,0.00%,0,0.00%,0,0.00%,0,0,0.00%,0,0.00,0,0.00%,0,0,0.00%,0,0.00%,0,0.00%
RIO BLANCO BOCES,0.00%,0.00%,0,0.00%,0,0,0.00%,0,0.00%,0,0.00%,0,0,0.00%,0,0,0,0.00%,0,0,0.00%,0,0.00,0,0.00%,0,0,0.00%,0,0.00%,0,0.00%,0,0,0.00%,0,0.00%,0,0.00%,0,0,0.00%,0,0.00,0,0.00%,0,0,0.00%,0,0.00%,0,0.00%
EXPEDITIONARY BOCES,95.50%,4.50%,19,4.50%,0,0,0.00%,0,0.00%,0,0.00%,8,8,100.00%,0,0,0,0.00%,26,26,100.00%,0,0.00,0,0.00%,0,0,0.00%,0,0.00%,0,0.00%,0,0,0.00%,0,0.00%,0,0.00%,0,0,0.00%,0,0.00,0,0.00%,8,8,100.00%,0,0.00%,0,0.00%
GRAND VALLEY BOCES,0.00%,0.00%,0,0.00%,0,0,0.00%,0,0.00%,0,0.00%,0,0,0.00%,0,0,0,0.00%,0,0,0.00%,0,0.00,0,0.00%,0,0,0.00%,0,0.00%,0,0.00%,0,0,0.00%,0,0.00%,0,0.00%,0,0,0.00%,0,0.00,0,0.00%,0,0,0.00%,0,0.00%,0,0.00%
MT EVANS BOCES,0.00%,0.00%,0,0.00%,0,0,0.00%,0,0.00%,0,0.00%,0,0,0.00%,0,0,0,0.00%,0,0,0.00%,0,0.00,0,0.00%,0,0,0.00%,0,0.00%,0,0.00%,0,0,0.00%,0,0.00%,0,0.00%,0,0,0.00%,0,0.00,0,0.00%,0,0,0.00%,0,0.00%,0,0.00%
UNCOMPAHGRE BOCES,0.00%,0.00%,0,0.00%,0,0,0.00%,0,0.00%,0,0.00%,0,0,0.00%,0,0,0,0.00%,0,0,0.00%,0,0.00,0,0.00%,0,0,0.00%,0,0.00%,0,0.00%,0,0,0.00%,0,0.00%,0,0.00%,0,0,0.00%,0,0.00,0,0.00%,0,0,0.00%,0,0.00%,0,0.00%
SANTA FE TRAIL BOCES,0.00%,0.00%,0,0.00%,0,0,0.00%,0,0.00%,0,0.00%,0,0,0.00%,0,0,0,0.00%,0,0,0.00%,0,0.00,0,0.00%,0,0,0.00%,0,0.00%,0,0.00%,0,0,0.00%,0,0.00%,0,0.00%,0,0,0.00%,0,0.00,0,0.00%,0,0,0.00%,0,0.00%,0,0.00%
FRONT RANGE BOCES,0.00%,0.00%,0,0.00%,0,0,0.00%,0,0.00%,0,0.00%,0,0,0.00%,0,0,0,0.00%,0,0,0.00%,0,0.00,0,0.00%,0,0,0.00%,0,0.00%,0,0.00%,0,0,0.00%,0,0.00%,0,0.00%,0,0,0.00%,0,0.00,0,0.00%,0,0,0.00%,0,0.00%,0,0.00%
UTE PASS BOCES,0.00%,0.00%,0,0.00%,0,0,0.00%,0,0.00%,0,0.00%,0,0,0.00%,0,0,0,0.00%,0,0,0.00%,0,0.00,0,0.00%,0,0,0.00%,0,0.00%,0,0.00%,0,0,0.00%,0,0.00%,0,0.00%,0,0,0.00%,0,0.00,0,0.00%,0,0,0.00%,0,0.00%,0,0.00%
COLORADO DIGITAL BOCES,67.50%,32.50%,"1,003",34.00%,281,192,68.30%,89,31.70%,90,32.00%,91,60,65.90%,31,0.341,32,35.20%,580,299,51.60%,281,0.48,296,51.00%,5,3,60.00%,2,40.00%,3,60.00%,0,0,0.00%,0,0.00%,0,0.00%,5,3,60.00%,2,0.40,2,40.00%,20,16,80.00%,4,20.00%,4,20.00%
FOR DISTRICT WIDE SCHOOL (9980),0.00%,0.00%,0,0.00%,0,0,0.00%,0,0.00%,0,0.00%,0,0,0.00%,0,0,0,0.00%,0,0,0.00%,0,0.00,0,0.00%,0,0,0.00%,0,0.00%,0,0.00%,0,0,0.00%,0,0.00%,0,0.00%,0,0,0.00%,0,0.00,0,0.00%,0,0,0.00%,0,0.00%,0,0.00%
RIO BLANCO BOCES,0.00%,0.00%,0,0.00%,0,0,0.00%,0,0.00%,0,0.00%,0,0,0.00%,0,0,0,0.00%,0,0,0.00%,0,0.00,0,0.00%,0,0,0.00%,0,0.00%,0,0.00%,0,0,0.00%,0,0.00%,0,0.00%,0,0,0.00%,0,0.00,0,0.00%,0,0,0.00%,0,0.00%,0,0.00%
EXPEDITIONARY BOCES,95.50%,4.50%,19,4.50%,0,0,0.00%,0,0.00%,0,0.00%,8,8,100.00%,0,0,0,0.00%,26,26,100.00%,0,0.00,0,0.00%,0,0,0.00%,0,0.00%,0,0.00%,0,0,0.00%,0,0.00%,0,0.00%,0,0,0.00%,0,0.00,0,0.00%,8,8,100.00%,0,0.00%,0,0.00%
GRAND VALLEY BOCES,0.00%,0.00%,0,0.00%,0,0,0.00%,0,0.00%,0,0.00%,0,0,0.00%,0,0,0,0.00%,0,0,0.00%,0,0.00,0,0.00%,0,0,0.00%,0,0.00%,0,0.00%,0,0,0.00%,0,0.00%,0,0.00%,0,0,0.00%,0,0.00,0,0.00%,0,0,0.00%,0,0.00%,0,0.00%
MT EVANS BOCES,0.00%,0.00%,0,0.00%,0,0,0.00%,0,0.00%,0,0.00%,0,0,0.00%,0,0,0,0.00%,0,0,0.00%,0,0.00,0,0.00%,0,0,0.00%,0,0.00%,0,0.00%,0,0,0.00%,0,0.00%,0,0.00%,0,0,0.00%,0,0.00,0,0.00%,0,0,0.00%,0,0.00%,0,0.00%
UNCOMPAHGRE BOCES,0.00%,0.00%,0,0.00%,0,0,0.00%,0,0.00%,0,0.00%,0,0,0.00%,0,0,0,0.00%,0,0,0.00%,0,0.00,0,0.00%,0,0,0.00%,0,0.00%,0,0.00%,0,0,0.00%,0,0.00%,0,0.00%,0,0,0.00%,0,0.00,0,0.00%,0,0,0.00%,0,0.00%,0,0.00%
SANTA FE TRAIL BOCES,0.00%,0.00%,0,0.00%,0,0,0.00%,0,0.00%,0,0.00%,0,0,0.00%,0,0,0,0.00%,0,0,0.00%,0,0.00,0,0.00%,0,0,0.00%,0,0.00%,0,0.00%,0,0,0.00%,0,0.00%,0,0.00%,0,0,0.00%,0,0.00,0,0.00%,0,0,0.00%,0,0.00%,0,0.00%
FRONT RANGE BOCES,0.00%,0.00%,0,0.00%,0,0,0.00%,0,0.00%,0,0.00%,0,0,0.00%,0,0,0,0.00%,0,0,0.00%,0,0.00,0,0.00%,0,0,0.00%,0,0.00%,0,0.00%,0,0,0.00%,0,0.00%,0,0.00%,0,0,0.00%,0,0.00,0,0.00%,0,0,0.00%,0,0.00%,0,0.00%
UTE PASS BOCES,0.00%,0.00%,0,0.00%,0,0,0.00%,0,0.00%,0,0.00%,0,0,0.00%,0,0,0,0.00%,0,0,0.00%,0,0.00,0,0.00%,0,0,0.00%,0,0.00%,0,0.00%,0,0,0.00%,0,0.00%,0,0.00%,0,0,0.00%,0,0.00,0,0.00%,0,0,0.00%,0,0.00%,0,0.00%
COLORADO DIGITAL BOCES,67.50%,32.50%,"1,003",34.00%,281,192,68.30%,89,31.70%,90,32.00%,91,60,65.90%,31,0.341,32,35.20%,580,299,51.60%,281,0.48,296,51.00%,5,3,60.00%,2,40.00%,3,60.00%,0,0,0.00%,0,0.00%,0,0.00%,5,3,60.00%,2,0.40,2,40.00%,20,16,80.00%,4,20.00%,4,20.00%
FOR DISTRICT WIDE SCHOOL (9980),0.00%,0.00%,0,0.00%,0,0,0.00%,0,0.00%,0,0.00%,0,0,0.00%,0,0,0,0.00%,0,0,0.00%,0,0.00,0,0.00%,0,0,0.00%,0,0.00%,0,0.00%,0,0,0.00%,0,0.00%,0,0.00%,0,0,0.00%,0,0.00,0,0.00%,0,0,0.00%,0,0.00%,0,0.00%